Datetime,siteID,skycondition,I,I_ahead15,I_ahead30,I_ahead45,I_ahead60,I_ahead75,I_ahead90,I_ahead105,I_ahead120,I_ahead135,I_ahead150,I_ahead165,I_ahead180,I_ahead195,I_ahead210,I_ahead225,I_ahead240
2029-05-26 00:00:00,S1,partlycloudy,0.0,0.0,0.0,0.0,0.0,0.0,0.0,0.0,0.0,0.0,0.0,0.0,0.0,0.0,0.0,0.0,0.0
2029-05-26 00:15:00,S1,partlycloudy,0.0,0.0,0.0,0.0,0.0,0.0,0.0,0.0,0.0,0.0,0.0,0.0,0.0,0.0,0.0,0.0,0.0
2029-05-26 00:30:00,S1,partlycloudy,0.0,0.0,0.0,0.0,0.0,0.0,0.0,0.0,0.0,0.0,0.0,0.0,0.0,0.0,0.0,0.0,0.0
2029-05-26 00:45:00,S1,partlycloudy,0.0,0.0,0.0,0.0,0.0,0.0,0.0,0.0,0.0,0.0,0.0,0.0,0.0,0.0,0.0,0.0,0.0
2029-05-26 01:00:00,S1,partlycloudy,0.0,0.0,0.0,0.0,0.0,0.0,0.0,0.0,0.0,0.0,0.0,0.0,0.0,0.0,0.0,0.0,0.0
2029-05-26 01:15:00,S1,partlycloudy,0.0,0.0,0.0,0.0,0.0,0.0,0.0,0.0,0.0,0.0,0.0,0.0,0.0,0.0,0.0,0.0,0.0
2029-05-26 01:30:00,S1,partlycloudy,0.0,0.0,0.0,0.0,0.0,0.0,0.0,0.0,0.0,0.0,0.0,0.0,0.0,0.0,0.0,0.0,0.0
2029-05-26 01:45:00,S1,partlycloudy,0.0,0.0,0.0,0.0,0.0,0.0,0.0,0.0,0.0,0.0,0.0,0.0,0.0,0.0,0.0,0.0,0.0
2029-05-26 02:00:00,S1,partlycloudy,0.0,0.0,0.0,0.0,0.0,0.0,0.0,0.0,0.0,0.0,0.0,0.0,0.0,0.0,0.0,0.0,0.0
2029-05-26 02:15:00,S1,partlycloudy,0.0,0.0,0.0,0.0,0.0,0.0,0.0,0.0,0.0,0.0,0.0,0.0,0.0,0.0,0.0,0.0,0.0
2029-05-26 02:30:00,S1,partlycloudy,0.0,0.0,0.0,0.0,0.0,0.0,0.0,0.0,0.0,0.0,0.0,0.0,0.0,0.0,0.0,0.0,1.0067445
2029-05-26 02:45:00,S1,partlycloudy,0.0,0.0,0.0,0.0,0.0,0.0,0.0,0.0,0.0,0.0,0.0,0.0,0.0,0.0,0.0,1.0067445,10.187522
2029-05-26 03:00:00,S1,partlycloudy,0.0,0.0,0.0,0.0,0.0,0.0,0.0,0.0,0.0,0.0,0.0,0.0,0.0,0.0,1.0067445,10.187522,37.194855
2029-05-26 03:15:00,S1,partlycloudy,0.0,0.0,0.0,0.0,0.0,0.0,0.0,0.0,0.0,0.0,0.0,0.0,0.0,1.0067445,10.187522,37.194855,77.881546
2029-05-26 03:30:00,S1,partlycloudy,0.0,0.0,0.0,0.0,0.0,0.0,0.0,0.0,0.0,0.0,0.0,0.0,1.0067445,10.187522,37.194855,77.881546,116.957275
2029-05-26 03:45:00,S1,partlycloudy,0.0,0.0,0.0,0.0,0.0,0.0,0.0,0.0,0.0,0.0,0.0,1.0067445,10.187522,37.194855,77.881546,116.957275,129.04903
2029-05-26 04:00:00,S1,partlycloudy,0.0,0.0,0.0,0.0,0.0,0.0,0.0,0.0,0.0,0.0,1.0067445,10.187522,37.194855,77.881546,116.957275,129.04903,96.36407
2029-05-26 04:15:00,S1,partlycloudy,0.0,0.0,0.0,0.0,0.0,0.0,0.0,0.0,0.0,1.0067445,10.187522,37.194855,77.881546,116.957275,129.04903,96.36407,136.20036
2029-05-26 04:30:00,S1,partlycloudy,0.0,0.0,0.0,0.0,0.0,0.0,0.0,0.0,1.0067445,10.187522,37.194855,77.881546,116.957275,129.04903,96.36407,136.20036,319.67874
2029-05-26 04:45:00,S1,partlycloudy,0.0,0.0,0.0,0.0,0.0,0.0,0.0,1.0067445,10.187522,37.194855,77.881546,116.957275,129.04903,96.36407,136.20036,319.67874,394.33813
2029-05-26 05:00:00,S1,partlycloudy,0.0,0.0,0.0,0.0,0.0,0.0,1.0067445,10.187522,37.194855,77.881546,116.957275,129.04903,96.36407,136.20036,319.67874,394.33813,457.3696
2029-05-26 05:15:00,S1,partlycloudy,0.0,0.0,0.0,0.0,0.0,1.0067445,10.187522,37.194855,77.881546,116.957275,129.04903,96.36407,136.20036,319.67874,394.33813,457.3696,507.394
2029-05-26 05:30:00,S1,partlycloudy,0.0,0.0,0.0,0.0,1.0067445,10.187522,37.194855,77.881546,116.957275,129.04903,96.36407,136.20036,319.67874,394.33813,457.3696,507.394,565.3123
2029-05-26 05:45:00,S1,partlycloudy,0.0,0.0,0.0,1.0067445,10.187522,37.194855,77.881546,116.957275,129.04903,96.36407,136.20036,319.67874,394.33813,457.3696,507.394,565.3123,608.5568
2029-05-26 06:00:00,S1,partlycloudy,0.0,0.0,1.0067445,10.187522,37.194855,77.881546,116.957275,129.04903,96.36407,136.20036,319.67874,394.33813,457.3696,507.394,565.3123,608.5568,638.2674
2029-05-26 06:15:00,S1,partlycloudy,0.0,1.0067445,10.187522,37.194855,77.881546,116.957275,129.04903,96.36407,136.20036,319.67874,394.33813,457.3696,507.394,565.3123,608.5568,638.2674,698.6189
2029-05-26 06:30:00,S1,partlycloudy,1.0067445,10.187522,37.194855,77.881546,116.957275,129.04903,96.36407,136.20036,319.67874,394.33813,457.3696,507.394,565.3123,608.5568,638.2674,698.6189,750.58325
2029-05-26 06:45:00,S1,partlycloudy,10.187522,37.194855,77.881546,116.957275,129.04903,96.36407,136.20036,319.67874,394.33813,457.3696,507.394,565.3123,608.5568,638.2674,698.6189,750.58325,628.01013
2029-05-26 07:00:00,S1,partlycloudy,37.194855,77.881546,116.957275,129.04903,96.36407,136.20036,319.67874,394.33813,457.3696,507.394,565.3123,608.5568,638.2674,698.6189,750.58325,628.01013,560.33246
2029-05-26 07:15:00,S1,partlycloudy,77.881546,116.957275,129.04903,96.36407,136.20036,319.67874,394.33813,457.3696,507.394,565.3123,608.5568,638.2674,698.6189,750.58325,628.01013,560.33246,797.91205
2029-05-26 07:30:00,S1,partlycloudy,116.957275,129.04903,96.36407,136.20036,319.67874,394.33813,457.3696,507.394,565.3123,608.5568,638.2674,698.6189,750.58325,628.01013,560.33246,797.91205,744.03687
2029-05-26 07:45:00,S1,partlycloudy,129.04903,96.36407,136.20036,319.67874,394.33813,457.3696,507.394,565.3123,608.5568,638.2674,698.6189,750.58325,628.01013,560.33246,797.91205,744.03687,636.6347
2029-05-26 08:00:00,S1,partlycloudy,96.36407,136.20036,319.67874,394.33813,457.3696,507.394,565.3123,608.5568,638.2674,698.6189,750.58325,628.01013,560.33246,797.91205,744.03687,636.6347,493.87152
2029-05-26 08:15:00,S1,partlycloudy,136.20036,319.67874,394.33813,457.3696,507.394,565.3123,608.5568,638.2674,698.6189,750.58325,628.01013,560.33246,797.91205,744.03687,636.6347,493.87152,649.0081
2029-05-26 08:30:00,S1,partlycloudy,319.67874,394.33813,457.3696,507.394,565.3123,608.5568,638.2674,698.6189,750.58325,628.01013,560.33246,797.91205,744.03687,636.6347,493.87152,649.0081,822.25256
2029-05-26 08:45:00,S1,partlycloudy,394.33813,457.3696,507.394,565.3123,608.5568,638.2674,698.6189,750.58325,628.01013,560.33246,797.91205,744.03687,636.6347,493.87152,649.0081,822.25256,522.56256
2029-05-26 09:00:00,S1,partlycloudy,457.3696,507.394,565.3123,608.5568,638.2674,698.6189,750.58325,628.01013,560.33246,797.91205,744.03687,636.6347,493.87152,649.0081,822.25256,522.56256,671.9518
2029-05-26 09:15:00,S1,partlycloudy,507.394,565.3123,608.5568,638.2674,698.6189,750.58325,628.01013,560.33246,797.91205,744.03687,636.6347,493.87152,649.0081,822.25256,522.56256,671.9518,765.2798
2029-05-26 09:30:00,S1,partlycloudy,565.3123,608.5568,638.2674,698.6189,750.58325,628.01013,560.33246,797.91205,744.03687,636.6347,493.87152,649.0081,822.25256,522.56256,671.9518,765.2798,800.249
2029-05-26 09:45:00,S1,partlycloudy,608.5568,638.2674,698.6189,750.58325,628.01013,560.33246,797.91205,744.03687,636.6347,493.87152,649.0081,822.25256,522.56256,671.9518,765.2798,800.249,774.1969
2029-05-26 10:00:00,S1,partlycloudy,638.2674,698.6189,750.58325,628.01013,560.33246,797.91205,744.03687,636.6347,493.87152,649.0081,822.25256,522.56256,671.9518,765.2798,800.249,774.1969,714.55084
2029-05-26 10:15:00,S1,partlycloudy,698.6189,750.58325,628.01013,560.33246,797.91205,744.03687,636.6347,493.87152,649.0081,822.25256,522.56256,671.9518,765.2798,800.249,774.1969,714.55084,663.7399
2029-05-26 10:30:00,S1,partlycloudy,750.58325,628.01013,560.33246,797.91205,744.03687,636.6347,493.87152,649.0081,822.25256,522.56256,671.9518,765.2798,800.249,774.1969,714.55084,663.7399,540.0254
2029-05-26 10:45:00,S1,partlycloudy,628.01013,560.33246,797.91205,744.03687,636.6347,493.87152,649.0081,822.25256,522.56256,671.9518,765.2798,800.249,774.1969,714.55084,663.7399,540.0254,633.2342
2029-05-26 11:00:00,S1,partlycloudy,560.33246,797.91205,744.03687,636.6347,493.87152,649.0081,822.25256,522.56256,671.9518,765.2798,800.249,774.1969,714.55084,663.7399,540.0254,633.2342,578.9726
2029-05-26 11:15:00,S1,partlycloudy,797.91205,744.03687,636.6347,493.87152,649.0081,822.25256,522.56256,671.9518,765.2798,800.249,774.1969,714.55084,663.7399,540.0254,633.2342,578.9726,539.41455
2029-05-26 11:30:00,S1,partlycloudy,744.03687,636.6347,493.87152,649.0081,822.25256,522.56256,671.9518,765.2798,800.249,774.1969,714.55084,663.7399,540.0254,633.2342,578.9726,539.41455,490.6313
2029-05-26 11:45:00,S1,partlycloudy,636.6347,493.87152,649.0081,822.25256,522.56256,671.9518,765.2798,800.249,774.1969,714.55084,663.7399,540.0254,633.2342,578.9726,539.41455,490.6313,412.45303
2029-05-26 12:00:00,S1,partlycloudy,493.87152,649.0081,822.25256,522.56256,671.9518,765.2798,800.249,774.1969,714.55084,663.7399,540.0254,633.2342,578.9726,539.41455,490.6313,412.45303,354.6139
2029-05-26 12:15:00,S1,partlycloudy,649.0081,822.25256,522.56256,671.9518,765.2798,800.249,774.1969,714.55084,663.7399,540.0254,633.2342,578.9726,539.41455,490.6313,412.45303,354.6139,280.08884
2029-05-26 12:30:00,S1,partlycloudy,822.25256,522.56256,671.9518,765.2798,800.249,774.1969,714.55084,663.7399,540.0254,633.2342,578.9726,539.41455,490.6313,412.45303,354.6139,280.08884,263.2125
2029-05-26 12:45:00,S1,partlycloudy,522.56256,671.9518,765.2798,800.249,774.1969,714.55084,663.7399,540.0254,633.2342,578.9726,539.41455,490.6313,412.45303,354.6139,280.08884,263.2125,200.16048
2029-05-26 13:00:00,S1,partlycloudy,671.9518,765.2798,800.249,774.1969,714.55084,663.7399,540.0254,633.2342,578.9726,539.41455,490.6313,412.45303,354.6139,280.08884,263.2125,200.16048,143.88129
2029-05-26 13:15:00,S1,partlycloudy,765.2798,800.249,774.1969,714.55084,663.7399,540.0254,633.2342,578.9726,539.41455,490.6313,412.45303,354.6139,280.08884,263.2125,200.16048,143.88129,106.248985
2029-05-26 13:30:00,S1,partlycloudy,800.249,774.1969,714.55084,663.7399,540.0254,633.2342,578.9726,539.41455,490.6313,412.45303,354.6139,280.08884,263.2125,200.16048,143.88129,106.248985,57.5131
2029-05-26 13:45:00,S1,partlycloudy,774.1969,714.55084,663.7399,540.0254,633.2342,578.9726,539.41455,490.6313,412.45303,354.6139,280.08884,263.2125,200.16048,143.88129,106.248985,57.5131,16.760756
2029-05-26 14:00:00,S1,partlycloudy,714.55084,663.7399,540.0254,633.2342,578.9726,539.41455,490.6313,412.45303,354.6139,280.08884,263.2125,200.16048,143.88129,106.248985,57.5131,16.760756,3.4027112
2029-05-26 14:15:00,S1,partlycloudy,663.7399,540.0254,633.2342,578.9726,539.41455,490.6313,412.45303,354.6139,280.08884,263.2125,200.16048,143.88129,106.248985,57.5131,16.760756,3.4027112,0.0
2029-05-26 14:30:00,S1,partlycloudy,540.0254,633.2342,578.9726,539.41455,490.6313,412.45303,354.6139,280.08884,263.2125,200.16048,143.88129,106.248985,57.5131,16.760756,3.4027112,0.0,0.0
2029-05-26 14:45:00,S1,partlycloudy,633.2342,578.9726,539.41455,490.6313,412.45303,354.6139,280.08884,263.2125,200.16048,143.88129,106.248985,57.5131,16.760756,3.4027112,0.0,0.0,0.0
2029-05-26 15:00:00,S1,partlycloudy,578.9726,539.41455,490.6313,412.45303,354.6139,280.08884,263.2125,200.16048,143.88129,106.248985,57.5131,16.760756,3.4027112,0.0,0.0,0.0,0.0
2029-05-26 15:15:00,S1,partlycloudy,539.41455,490.6313,412.45303,354.6139,280.08884,263.2125,200.16048,143.88129,106.248985,57.5131,16.760756,3.4027112,0.0,0.0,0.0,0.0,0.0
2029-05-26 15:30:00,S1,partlycloudy,490.6313,412.45303,354.6139,280.08884,263.2125,200.16048,143.88129,106.248985,57.5131,16.760756,3.4027112,0.0,0.0,0.0,0.0,0.0,0.0
2029-05-26 15:45:00,S1,partlycloudy,412.45303,354.6139,280.08884,263.2125,200.16048,143.88129,106.248985,57.5131,16.760756,3.4027112,0.0,0.0,0.0,0.0,0.0,0.0,0.0
2029-05-26 16:00:00,S1,partlycloudy,354.6139,280.08884,263.2125,200.16048,143.88129,106.248985,57.5131,16.760756,3.4027112,0.0,0.0,0.0,0.0,0.0,0.0,0.0,0.0
2029-05-26 16:15:00,S1,partlycloudy,280.08884,263.2125,200.16048,143.88129,106.248985,57.5131,16.760756,3.4027112,0.0,0.0,0.0,0.0,0.0,0.0,0.0,0.0,0.0
2029-05-26 16:30:00,S1,partlycloudy,263.2125,200.16048,143.88129,106.248985,57.5131,16.760756,3.4027112,0.0,0.0,0.0,0.0,0.0,0.0,0.0,0.0,0.0,0.0
2029-05-26 16:45:00,S1,partlycloudy,200.16048,143.88129,106.248985,57.5131,16.760756,3.4027112,0.0,0.0,0.0,0.0,0.0,0.0,0.0,0.0,0.0,0.0,0.0
2029-05-26 17:00:00,S1,partlycloudy,143.88129,106.248985,57.5131,16.760756,3.4027112,0.0,0.0,0.0,0.0,0.0,0.0,0.0,0.0,0.0,0.0,0.0,0.0
2029-05-26 17:15:00,S1,partlycloudy,106.248985,57.5131,16.760756,3.4027112,0.0,0.0,0.0,0.0,0.0,0.0,0.0,0.0,0.0,0.0,0.0,0.0,0.0
2029-05-26 17:30:00,S1,partlycloudy,57.5131,16.760756,3.4027112,0.0,0.0,0.0,0.0,0.0,0.0,0.0,0.0,0.0,0.0,0.0,0.0,0.0,0.0
2029-05-26 17:45:00,S1,partlycloudy,16.760756,3.4027112,0.0,0.0,0.0,0.0,0.0,0.0,0.0,0.0,0.0,0.0,0.0,0.0,0.0,0.0,0.0
2029-05-26 18:00:00,S1,partlycloudy,3.4027112,0.0,0.0,0.0,0.0,0.0,0.0,0.0,0.0,0.0,0.0,0.0,0.0,0.0,0.0,0.0,0.0
2029-05-26 18:15:00,S1,partlycloudy,0.0,0.0,0.0,0.0,0.0,0.0,0.0,0.0,0.0,0.0,0.0,0.0,0.0,0.0,0.0,0.0,0.0
2029-05-26 18:30:00,S1,partlycloudy,0.0,0.0,0.0,0.0,0.0,0.0,0.0,0.0,0.0,0.0,0.0,0.0,0.0,0.0,0.0,0.0,0.0
2029-05-26 18:45:00,S1,partlycloudy,0.0,0.0,0.0,0.0,0.0,0.0,0.0,0.0,0.0,0.0,0.0,0.0,0.0,0.0,0.0,0.0,0.0
2029-05-26 19:00:00,S1,partlycloudy,0.0,0.0,0.0,0.0,0.0,0.0,0.0,0.0,0.0,0.0,0.0,0.0,0.0,0.0,0.0,0.0,0.0
2029-05-26 19:15:00,S1,partlycloudy,0.0,0.0,0.0,0.0,0.0,0.0,0.0,0.0,0.0,0.0,0.0,0.0,0.0,0.0,0.0,0.0,0.0
2029-05-26 19:30:00,S1,partlycloudy,0.0,0.0,0.0,0.0,0.0,0.0,0.0,0.0,0.0,0.0,0.0,0.0,0.0,0.0,0.0,0.0,0.0
2029-05-26 19:45:00,S1,partlycloudy,0.0,0.0,0.0,0.0,0.0,0.0,0.0,0.0,0.0,0.0,0.0,0.0,0.0,0.0,0.0,0.0,0.0
2029-05-26 20:00:00,S1,partlycloudy,0.0,0.0,0.0,0.0,0.0,0.0,0.0,0.0,0.0,0.0,0.0,0.0,0.0,0.0,0.0,0.0,0.0
2029-05-26 20:15:00,S1,partlycloudy,0.0,0.0,0.0,0.0,0.0,0.0,0.0,0.0,0.0,0.0,0.0,0.0,0.0,0.0,0.0,0.0,0.0
2029-05-26 20:30:00,S1,partlycloudy,0.0,0.0,0.0,0.0,0.0,0.0,0.0,0.0,0.0,0.0,0.0,0.0,0.0,0.0,0.0,0.0,0.0
2029-05-26 20:45:00,S1,partlycloudy,0.0,0.0,0.0,0.0,0.0,0.0,0.0,0.0,0.0,0.0,0.0,0.0,0.0,0.0,0.0,0.0,0.0
2029-05-26 21:00:00,S1,partlycloudy,0.0,0.0,0.0,0.0,0.0,0.0,0.0,0.0,0.0,0.0,0.0,0.0,0.0,0.0,0.0,0.0,0.0
2029-05-26 21:15:00,S1,partlycloudy,0.0,0.0,0.0,0.0,0.0,0.0,0.0,0.0,0.0,0.0,0.0,0.0,0.0,0.0,0.0,0.0,0.0
2029-05-26 21:30:00,S1,partlycloudy,0.0,0.0,0.0,0.0,0.0,0.0,0.0,0.0,0.0,0.0,0.0,0.0,0.0,0.0,0.0,0.0,0.0
2029-05-26 21:45:00,S1,partlycloudy,0.0,0.0,0.0,0.0,0.0,0.0,0.0,0.0,0.0,0.0,0.0,0.0,0.0,0.0,0.0,0.0,0.0
2029-05-26 22:00:00,S1,partlycloudy,0.0,0.0,0.0,0.0,0.0,0.0,0.0,0.0,0.0,0.0,0.0,0.0,0.0,0.0,0.0,0.0,0.0
2029-05-26 22:15:00,S1,partlycloudy,0.0,0.0,0.0,0.0,0.0,0.0,0.0,0.0,0.0,0.0,0.0,0.0,0.0,0.0,0.0,0.0,0.0
2029-05-26 22:30:00,S1,partlycloudy,0.0,0.0,0.0,0.0,0.0,0.0,0.0,0.0,0.0,0.0,0.0,0.0,0.0,0.0,0.0,0.0,0.0
2029-05-26 22:45:00,S1,partlycloudy,0.0,0.0,0.0,0.0,0.0,0.0,0.0,0.0,0.0,0.0,0.0,0.0,0.0,0.0,0.0,0.0,0.0
2029-05-26 23:00:00,S1,partlycloudy,0.0,0.0,0.0,0.0,0.0,0.0,0.0,0.0,0.0,0.0,0.0,0.0,0.0,0.0,0.0,0.0,0.0
2029-05-26 23:15:00,S1,partlycloudy,0.0,0.0,0.0,0.0,0.0,0.0,0.0,0.0,0.0,0.0,0.0,0.0,0.0,0.0,0.0,0.0,0.0
2029-05-26 23:30:00,S1,partlycloudy,0.0,0.0,0.0,0.0,0.0,0.0,0.0,0.0,0.0,0.0,0.0,0.0,0.0,0.0,0.0,0.0,0.0
2029-05-26 23:45:00,S1,partlycloudy,0.0,0.0,0.0,0.0,0.0,0.0,0.0,0.0,0.0,0.0,0.0,0.0,0.0,0.0,0.0,0.0,0.0
2029-05-27 00:00:00,S1,partlycloudy,0.0,0.0,0.0,0.0,0.0,0.0,0.0,0.0,0.0,0.0,0.0,0.0,0.0,0.0,0.0,0.0,0.0
2029-05-27 00:15:00,S1,partlycloudy,0.0,0.0,0.0,0.0,0.0,0.0,0.0,0.0,0.0,0.0,0.0,0.0,0.0,0.0,0.0,0.0,0.0
2029-05-27 00:30:00,S1,partlycloudy,0.0,0.0,0.0,0.0,0.0,0.0,0.0,0.0,0.0,0.0,0.0,0.0,0.0,0.0,0.0,0.0,0.0
2029-05-27 00:45:00,S1,partlycloudy,0.0,0.0,0.0,0.0,0.0,0.0,0.0,0.0,0.0,0.0,0.0,0.0,0.0,0.0,0.0,0.0,0.0
2029-05-27 01:00:00,S1,partlycloudy,0.0,0.0,0.0,0.0,0.0,0.0,0.0,0.0,0.0,0.0,0.0,0.0,0.0,0.0,0.0,0.0,0.0
2029-05-27 01:15:00,S1,partlycloudy,0.0,0.0,0.0,0.0,0.0,0.0,0.0,0.0,0.0,0.0,0.0,0.0,0.0,0.0,0.0,0.0,0.0
2029-05-27 01:30:00,S1,partlycloudy,0.0,0.0,0.0,0.0,0.0,0.0,0.0,0.0,0.0,0.0,0.0,0.0,0.0,0.0,0.0,0.0,0.0
2029-05-27 01:45:00,S1,partlycloudy,0.0,0.0,0.0,0.0,0.0,0.0,0.0,0.0,0.0,0.0,0.0,0.0,0.0,0.0,0.0,0.0,0.0
2029-05-27 02:00:00,S1,partlycloudy,0.0,0.0,0.0,0.0,0.0,0.0,0.0,0.0,0.0,0.0,0.0,0.0,0.0,0.0,0.0,0.0,0.0
2029-05-27 02:15:00,S1,partlycloudy,0.0,0.0,0.0,0.0,0.0,0.0,0.0,0.0,0.0,0.0,0.0,0.0,0.0,0.0,0.0,0.0,0.0
2029-05-27 02:30:00,S1,partlycloudy,0.0,0.0,0.0,0.0,0.0,0.0,0.0,0.0,0.0,0.0,0.0,0.0,0.0,0.0,0.0,0.0,0.54157776
2029-05-27 02:45:00,S1,partlycloudy,0.0,0.0,0.0,0.0,0.0,0.0,0.0,0.0,0.0,0.0,0.0,0.0,0.0,0.0,0.0,0.54157776,9.426133
2029-05-27 03:00:00,S1,partlycloudy,0.0,0.0,0.0,0.0,0.0,0.0,0.0,0.0,0.0,0.0,0.0,0.0,0.0,0.0,0.54157776,9.426133,34.251713
2029-05-27 03:15:00,S1,partlycloudy,0.0,0.0,0.0,0.0,0.0,0.0,0.0,0.0,0.0,0.0,0.0,0.0,0.0,0.54157776,9.426133,34.251713,68.63917
2029-05-27 03:30:00,S1,partlycloudy,0.0,0.0,0.0,0.0,0.0,0.0,0.0,0.0,0.0,0.0,0.0,0.0,0.54157776,9.426133,34.251713,68.63917,112.26984
2029-05-27 03:45:00,S1,partlycloudy,0.0,0.0,0.0,0.0,0.0,0.0,0.0,0.0,0.0,0.0,0.0,0.54157776,9.426133,34.251713,68.63917,112.26984,160.07437
2029-05-27 04:00:00,S1,partlycloudy,0.0,0.0,0.0,0.0,0.0,0.0,0.0,0.0,0.0,0.0,0.54157776,9.426133,34.251713,68.63917,112.26984,160.07437,182.48134
2029-05-27 04:15:00,S1,partlycloudy,0.0,0.0,0.0,0.0,0.0,0.0,0.0,0.0,0.0,0.54157776,9.426133,34.251713,68.63917,112.26984,160.07437,182.48134,215.77408
2029-05-27 04:30:00,S1,partlycloudy,0.0,0.0,0.0,0.0,0.0,0.0,0.0,0.0,0.54157776,9.426133,34.251713,68.63917,112.26984,160.07437,182.48134,215.77408,257.1107
2029-05-27 04:45:00,S1,partlycloudy,0.0,0.0,0.0,0.0,0.0,0.0,0.0,0.54157776,9.426133,34.251713,68.63917,112.26984,160.07437,182.48134,215.77408,257.1107,329.2225
2029-05-27 05:00:00,S1,partlycloudy,0.0,0.0,0.0,0.0,0.0,0.0,0.54157776,9.426133,34.251713,68.63917,112.26984,160.07437,182.48134,215.77408,257.1107,329.2225,353.8015
2029-05-27 05:15:00,S1,partlycloudy,0.0,0.0,0.0,0.0,0.0,0.54157776,9.426133,34.251713,68.63917,112.26984,160.07437,182.48134,215.77408,257.1107,329.2225,353.8015,332.96207
2029-05-27 05:30:00,S1,partlycloudy,0.0,0.0,0.0,0.0,0.54157776,9.426133,34.251713,68.63917,112.26984,160.07437,182.48134,215.77408,257.1107,329.2225,353.8015,332.96207,352.51587
2029-05-27 05:45:00,S1,partlycloudy,0.0,0.0,0.0,0.54157776,9.426133,34.251713,68.63917,112.26984,160.07437,182.48134,215.77408,257.1107,329.2225,353.8015,332.96207,352.51587,571.8554
2029-05-27 06:00:00,S1,partlycloudy,0.0,0.0,0.54157776,9.426133,34.251713,68.63917,112.26984,160.07437,182.48134,215.77408,257.1107,329.2225,353.8015,332.96207,352.51587,571.8554,733.1227
2029-05-27 06:15:00,S1,partlycloudy,0.0,0.54157776,9.426133,34.251713,68.63917,112.26984,160.07437,182.48134,215.77408,257.1107,329.2225,353.8015,332.96207,352.51587,571.8554,733.1227,729.46747
2029-05-27 06:30:00,S1,partlycloudy,0.54157776,9.426133,34.251713,68.63917,112.26984,160.07437,182.48134,215.77408,257.1107,329.2225,353.8015,332.96207,352.51587,571.8554,733.1227,729.46747,715.3503
2029-05-27 06:45:00,S1,partlycloudy,9.426133,34.251713,68.63917,112.26984,160.07437,182.48134,215.77408,257.1107,329.2225,353.8015,332.96207,352.51587,571.8554,733.1227,729.46747,715.3503,693.79456
2029-05-27 07:00:00,S1,partlycloudy,34.251713,68.63917,112.26984,160.07437,182.48134,215.77408,257.1107,329.2225,353.8015,332.96207,352.51587,571.8554,733.1227,729.46747,715.3503,693.79456,685.4443
2029-05-27 07:15:00,S1,partlycloudy,68.63917,112.26984,160.07437,182.48134,215.77408,257.1107,329.2225,353.8015,332.96207,352.51587,571.8554,733.1227,729.46747,715.3503,693.79456,685.4443,855.2568
2029-05-27 07:30:00,S1,partlycloudy,112.26984,160.07437,182.48134,215.77408,257.1107,329.2225,353.8015,332.96207,352.51587,571.8554,733.1227,729.46747,715.3503,693.79456,685.4443,855.2568,821.9762
2029-05-27 07:45:00,S1,partlycloudy,160.07437,182.48134,215.77408,257.1107,329.2225,353.8015,332.96207,352.51587,571.8554,733.1227,729.46747,715.3503,693.79456,685.4443,855.2568,821.9762,833.785
2029-05-27 08:00:00,S1,partlycloudy,182.48134,215.77408,257.1107,329.2225,353.8015,332.96207,352.51587,571.8554,733.1227,729.46747,715.3503,693.79456,685.4443,855.2568,821.9762,833.785,856.78674
2029-05-27 08:15:00,S1,partlycloudy,215.77408,257.1107,329.2225,353.8015,332.96207,352.51587,571.8554,733.1227,729.46747,715.3503,693.79456,685.4443,855.2568,821.9762,833.785,856.78674,843.2908
2029-05-27 08:30:00,S1,partlycloudy,257.1107,329.2225,353.8015,332.96207,352.51587,571.8554,733.1227,729.46747,715.3503,693.79456,685.4443,855.2568,821.9762,833.785,856.78674,843.2908,850.69824
2029-05-27 08:45:00,S1,partlycloudy,329.2225,353.8015,332.96207,352.51587,571.8554,733.1227,729.46747,715.3503,693.79456,685.4443,855.2568,821.9762,833.785,856.78674,843.2908,850.69824,836.8541
2029-05-27 09:00:00,S1,partlycloudy,353.8015,332.96207,352.51587,571.8554,733.1227,729.46747,715.3503,693.79456,685.4443,855.2568,821.9762,833.785,856.78674,843.2908,850.69824,836.8541,836.954
2029-05-27 09:15:00,S1,partlycloudy,332.96207,352.51587,571.8554,733.1227,729.46747,715.3503,693.79456,685.4443,855.2568,821.9762,833.785,856.78674,843.2908,850.69824,836.8541,836.954,818.0556
2029-05-27 09:30:00,S1,partlycloudy,352.51587,571.8554,733.1227,729.46747,715.3503,693.79456,685.4443,855.2568,821.9762,833.785,856.78674,843.2908,850.69824,836.8541,836.954,818.0556,804.25586
2029-05-27 09:45:00,S1,partlycloudy,571.8554,733.1227,729.46747,715.3503,693.79456,685.4443,855.2568,821.9762,833.785,856.78674,843.2908,850.69824,836.8541,836.954,818.0556,804.25586,780.5612
2029-05-27 10:00:00,S1,partlycloudy,733.1227,729.46747,715.3503,693.79456,685.4443,855.2568,821.9762,833.785,856.78674,843.2908,850.69824,836.8541,836.954,818.0556,804.25586,780.5612,753.16724
2029-05-27 10:15:00,S1,partlycloudy,729.46747,715.3503,693.79456,685.4443,855.2568,821.9762,833.785,856.78674,843.2908,850.69824,836.8541,836.954,818.0556,804.25586,780.5612,753.16724,713.8494
2029-05-27 10:30:00,S1,partlycloudy,715.3503,693.79456,685.4443,855.2568,821.9762,833.785,856.78674,843.2908,850.69824,836.8541,836.954,818.0556,804.25586,780.5612,753.16724,713.8494,680.4057
2029-05-27 10:45:00,S1,partlycloudy,693.79456,685.4443,855.2568,821.9762,833.785,856.78674,843.2908,850.69824,836.8541,836.954,818.0556,804.25586,780.5612,753.16724,713.8494,680.4057,638.62585
2029-05-27 11:00:00,S1,partlycloudy,685.4443,855.2568,821.9762,833.785,856.78674,843.2908,850.69824,836.8541,836.954,818.0556,804.25586,780.5612,753.16724,713.8494,680.4057,638.62585,600.32526
2029-05-27 11:15:00,S1,partlycloudy,855.2568,821.9762,833.785,856.78674,843.2908,850.69824,836.8541,836.954,818.0556,804.25586,780.5612,753.16724,713.8494,680.4057,638.62585,600.32526,554.6139
2029-05-27 11:30:00,S1,partlycloudy,821.9762,833.785,856.78674,843.2908,850.69824,836.8541,836.954,818.0556,804.25586,780.5612,753.16724,713.8494,680.4057,638.62585,600.32526,554.6139,505.91953
2029-05-27 11:45:00,S1,partlycloudy,833.785,856.78674,843.2908,850.69824,836.8541,836.954,818.0556,804.25586,780.5612,753.16724,713.8494,680.4057,638.62585,600.32526,554.6139,505.91953,453.32922
2029-05-27 12:00:00,S1,partlycloudy,856.78674,843.2908,850.69824,836.8541,836.954,818.0556,804.25586,780.5612,753.16724,713.8494,680.4057,638.62585,600.32526,554.6139,505.91953,453.32922,398.4901
2029-05-27 12:15:00,S1,partlycloudy,843.2908,850.69824,836.8541,836.954,818.0556,804.25586,780.5612,753.16724,713.8494,680.4057,638.62585,600.32526,554.6139,505.91953,453.32922,398.4901,340.39847
2029-05-27 12:30:00,S1,partlycloudy,850.69824,836.8541,836.954,818.0556,804.25586,780.5612,753.16724,713.8494,680.4057,638.62585,600.32526,554.6139,505.91953,453.32922,398.4901,340.39847,281.62875
2029-05-27 12:45:00,S1,partlycloudy,836.8541,836.954,818.0556,804.25586,780.5612,753.16724,713.8494,680.4057,638.62585,600.32526,554.6139,505.91953,453.32922,398.4901,340.39847,281.62875,225.36655
2029-05-27 13:00:00,S1,partlycloudy,836.954,818.0556,804.25586,780.5612,753.16724,713.8494,680.4057,638.62585,600.32526,554.6139,505.91953,453.32922,398.4901,340.39847,281.62875,225.36655,167.72586
2029-05-27 13:15:00,S1,partlycloudy,818.0556,804.25586,780.5612,753.16724,713.8494,680.4057,638.62585,600.32526,554.6139,505.91953,453.32922,398.4901,340.39847,281.62875,225.36655,167.72586,110.1974
2029-05-27 13:30:00,S1,partlycloudy,804.25586,780.5612,753.16724,713.8494,680.4057,638.62585,600.32526,554.6139,505.91953,453.32922,398.4901,340.39847,281.62875,225.36655,167.72586,110.1974,59.34592
2029-05-27 13:45:00,S1,partlycloudy,780.5612,753.16724,713.8494,680.4057,638.62585,600.32526,554.6139,505.91953,453.32922,398.4901,340.39847,281.62875,225.36655,167.72586,110.1974,59.34592,15.8042
2029-05-27 14:00:00,S1,partlycloudy,753.16724,713.8494,680.4057,638.62585,600.32526,554.6139,505.91953,453.32922,398.4901,340.39847,281.62875,225.36655,167.72586,110.1974,59.34592,15.8042,2.9766889
2029-05-27 14:15:00,S1,partlycloudy,713.8494,680.4057,638.62585,600.32526,554.6139,505.91953,453.32922,398.4901,340.39847,281.62875,225.36655,167.72586,110.1974,59.34592,15.8042,2.9766889,0.0
2029-05-27 14:30:00,S1,partlycloudy,680.4057,638.62585,600.32526,554.6139,505.91953,453.32922,398.4901,340.39847,281.62875,225.36655,167.72586,110.1974,59.34592,15.8042,2.9766889,0.0,0.0
2029-05-27 14:45:00,S1,partlycloudy,638.62585,600.32526,554.6139,505.91953,453.32922,398.4901,340.39847,281.62875,225.36655,167.72586,110.1974,59.34592,15.8042,2.9766889,0.0,0.0,0.0
2029-05-27 15:00:00,S1,partlycloudy,600.32526,554.6139,505.91953,453.32922,398.4901,340.39847,281.62875,225.36655,167.72586,110.1974,59.34592,15.8042,2.9766889,0.0,0.0,0.0,0.0
2029-05-27 15:15:00,S1,partlycloudy,554.6139,505.91953,453.32922,398.4901,340.39847,281.62875,225.36655,167.72586,110.1974,59.34592,15.8042,2.9766889,0.0,0.0,0.0,0.0,0.0
2029-05-27 15:30:00,S1,partlycloudy,505.91953,453.32922,398.4901,340.39847,281.62875,225.36655,167.72586,110.1974,59.34592,15.8042,2.9766889,0.0,0.0,0.0,0.0,0.0,0.0
2029-05-27 15:45:00,S1,partlycloudy,453.32922,398.4901,340.39847,281.62875,225.36655,167.72586,110.1974,59.34592,15.8042,2.9766889,0.0,0.0,0.0,0.0,0.0,0.0,0.0
2029-05-27 16:00:00,S1,partlycloudy,398.4901,340.39847,281.62875,225.36655,167.72586,110.1974,59.34592,15.8042,2.9766889,0.0,0.0,0.0,0.0,0.0,0.0,0.0,0.0
2029-05-27 16:15:00,S1,partlycloudy,340.39847,281.62875,225.36655,167.72586,110.1974,59.34592,15.8042,2.9766889,0.0,0.0,0.0,0.0,0.0,0.0,0.0,0.0,0.0
2029-05-27 16:30:00,S1,partlycloudy,281.62875,225.36655,167.72586,110.1974,59.34592,15.8042,2.9766889,0.0,0.0,0.0,0.0,0.0,0.0,0.0,0.0,0.0,0.0
2029-05-27 16:45:00,S1,partlycloudy,225.36655,167.72586,110.1974,59.34592,15.8042,2.9766889,0.0,0.0,0.0,0.0,0.0,0.0,0.0,0.0,0.0,0.0,0.0
2029-05-27 17:00:00,S1,partlycloudy,167.72586,110.1974,59.34592,15.8042,2.9766889,0.0,0.0,0.0,0.0,0.0,0.0,0.0,0.0,0.0,0.0,0.0,0.0
2029-05-27 17:15:00,S1,partlycloudy,110.1974,59.34592,15.8042,2.9766889,0.0,0.0,0.0,0.0,0.0,0.0,0.0,0.0,0.0,0.0,0.0,0.0,0.0
2029-05-27 17:30:00,S1,partlycloudy,59.34592,15.8042,2.9766889,0.0,0.0,0.0,0.0,0.0,0.0,0.0,0.0,0.0,0.0,0.0,0.0,0.0,0.0
2029-05-27 17:45:00,S1,partlycloudy,15.8042,2.9766889,0.0,0.0,0.0,0.0,0.0,0.0,0.0,0.0,0.0,0.0,0.0,0.0,0.0,0.0,0.0
2029-05-27 18:00:00,S1,partlycloudy,2.9766889,0.0,0.0,0.0,0.0,0.0,0.0,0.0,0.0,0.0,0.0,0.0,0.0,0.0,0.0,0.0,0.0
2029-05-27 18:15:00,S1,partlycloudy,0.0,0.0,0.0,0.0,0.0,0.0,0.0,0.0,0.0,0.0,0.0,0.0,0.0,0.0,0.0,0.0,0.0
2029-05-27 18:30:00,S1,partlycloudy,0.0,0.0,0.0,0.0,0.0,0.0,0.0,0.0,0.0,0.0,0.0,0.0,0.0,0.0,0.0,0.0,0.0
2029-05-27 18:45:00,S1,partlycloudy,0.0,0.0,0.0,0.0,0.0,0.0,0.0,0.0,0.0,0.0,0.0,0.0,0.0,0.0,0.0,0.0,0.0
2029-05-27 19:00:00,S1,partlycloudy,0.0,0.0,0.0,0.0,0.0,0.0,0.0,0.0,0.0,0.0,0.0,0.0,0.0,0.0,0.0,0.0,0.0
2029-05-27 19:15:00,S1,partlycloudy,0.0,0.0,0.0,0.0,0.0,0.0,0.0,0.0,0.0,0.0,0.0,0.0,0.0,0.0,0.0,0.0,0.0
2029-05-27 19:30:00,S1,partlycloudy,0.0,0.0,0.0,0.0,0.0,0.0,0.0,0.0,0.0,0.0,0.0,0.0,0.0,0.0,0.0,0.0,0.0
2029-05-27 19:45:00,S1,partlycloudy,0.0,0.0,0.0,0.0,0.0,0.0,0.0,0.0,0.0,0.0,0.0,0.0,0.0,0.0,0.0,0.0,0.0
2029-05-27 20:00:00,S1,partlycloudy,0.0,0.0,0.0,0.0,0.0,0.0,0.0,0.0,0.0,0.0,0.0,0.0,0.0,0.0,0.0,0.0,0.0
2029-05-27 20:15:00,S1,partlycloudy,0.0,0.0,0.0,0.0,0.0,0.0,0.0,0.0,0.0,0.0,0.0,0.0,0.0,0.0,0.0,0.0,0.0
2029-05-27 20:30:00,S1,partlycloudy,0.0,0.0,0.0,0.0,0.0,0.0,0.0,0.0,0.0,0.0,0.0,0.0,0.0,0.0,0.0,0.0,0.0
2029-05-27 20:45:00,S1,partlycloudy,0.0,0.0,0.0,0.0,0.0,0.0,0.0,0.0,0.0,0.0,0.0,0.0,0.0,0.0,0.0,0.0,0.0
2029-05-27 21:00:00,S1,partlycloudy,0.0,0.0,0.0,0.0,0.0,0.0,0.0,0.0,0.0,0.0,0.0,0.0,0.0,0.0,0.0,0.0,0.0
2029-05-27 21:15:00,S1,partlycloudy,0.0,0.0,0.0,0.0,0.0,0.0,0.0,0.0,0.0,0.0,0.0,0.0,0.0,0.0,0.0,0.0,0.0
2029-05-27 21:30:00,S1,partlycloudy,0.0,0.0,0.0,0.0,0.0,0.0,0.0,0.0,0.0,0.0,0.0,0.0,0.0,0.0,0.0,0.0,0.0
2029-05-27 21:45:00,S1,partlycloudy,0.0,0.0,0.0,0.0,0.0,0.0,0.0,0.0,0.0,0.0,0.0,0.0,0.0,0.0,0.0,0.0,0.0
2029-05-27 22:00:00,S1,partlycloudy,0.0,0.0,0.0,0.0,0.0,0.0,0.0,0.0,0.0,0.0,0.0,0.0,0.0,0.0,0.0,0.0,0.0
2029-05-27 22:15:00,S1,partlycloudy,0.0,0.0,0.0,0.0,0.0,0.0,0.0,0.0,0.0,0.0,0.0,0.0,0.0,0.0,0.0,0.0,0.0
2029-05-27 22:30:00,S1,partlycloudy,0.0,0.0,0.0,0.0,0.0,0.0,0.0,0.0,0.0,0.0,0.0,0.0,0.0,0.0,0.0,0.0,0.0
2029-05-27 22:45:00,S1,partlycloudy,0.0,0.0,0.0,0.0,0.0,0.0,0.0,0.0,0.0,0.0,0.0,0.0,0.0,0.0,0.0,0.0,0.0
2029-05-27 23:00:00,S1,partlycloudy,0.0,0.0,0.0,0.0,0.0,0.0,0.0,0.0,0.0,0.0,0.0,0.0,0.0,0.0,0.0,0.0,0.0
2029-05-27 23:15:00,S1,partlycloudy,0.0,0.0,0.0,0.0,0.0,0.0,0.0,0.0,0.0,0.0,0.0,0.0,0.0,0.0,0.0,0.0,0.0
2029-05-27 23:30:00,S1,partlycloudy,0.0,0.0,0.0,0.0,0.0,0.0,0.0,0.0,0.0,0.0,0.0,0.0,0.0,0.0,0.0,0.0,0.0
2029-05-27 23:45:00,S1,partlycloudy,0.0,0.0,0.0,0.0,0.0,0.0,0.0,0.0,0.0,0.0,0.0,0.0,0.0,0.0,0.0,0.0,0.0
2029-05-28 00:00:00,S1,clearsky,0.0,0.0,0.0,0.0,0.0,0.0,0.0,0.0,0.0,0.0,0.0,0.0,0.0,0.0,0.0,0.0,0.0
2029-05-28 00:15:00,S1,clearsky,0.0,0.0,0.0,0.0,0.0,0.0,0.0,0.0,0.0,0.0,0.0,0.0,0.0,0.0,0.0,0.0,0.0
2029-05-28 00:30:00,S1,clearsky,0.0,0.0,0.0,0.0,0.0,0.0,0.0,0.0,0.0,0.0,0.0,0.0,0.0,0.0,0.0,0.0,0.0
2029-05-28 00:45:00,S1,clearsky,0.0,0.0,0.0,0.0,0.0,0.0,0.0,0.0,0.0,0.0,0.0,0.0,0.0,0.0,0.0,0.0,0.0
2029-05-28 01:00:00,S1,clearsky,0.0,0.0,0.0,0.0,0.0,0.0,0.0,0.0,0.0,0.0,0.0,0.0,0.0,0.0,0.0,0.0,0.0
2029-05-28 01:15:00,S1,clearsky,0.0,0.0,0.0,0.0,0.0,0.0,0.0,0.0,0.0,0.0,0.0,0.0,0.0,0.0,0.0,0.0,0.0
2029-05-28 01:30:00,S1,clearsky,0.0,0.0,0.0,0.0,0.0,0.0,0.0,0.0,0.0,0.0,0.0,0.0,0.0,0.0,0.0,0.0,0.0
2029-05-28 01:45:00,S1,clearsky,0.0,0.0,0.0,0.0,0.0,0.0,0.0,0.0,0.0,0.0,0.0,0.0,0.0,0.0,0.0,0.0,0.0
2029-05-28 02:00:00,S1,clearsky,0.0,0.0,0.0,0.0,0.0,0.0,0.0,0.0,0.0,0.0,0.0,0.0,0.0,0.0,0.0,0.0,0.0
2029-05-28 02:15:00,S1,clearsky,0.0,0.0,0.0,0.0,0.0,0.0,0.0,0.0,0.0,0.0,0.0,0.0,0.0,0.0,0.0,0.0,0.0
2029-05-28 02:30:00,S1,clearsky,0.0,0.0,0.0,0.0,0.0,0.0,0.0,0.0,0.0,0.0,0.0,0.0,0.0,0.0,0.0,0.0,0.56016666
2029-05-28 02:45:00,S1,clearsky,0.0,0.0,0.0,0.0,0.0,0.0,0.0,0.0,0.0,0.0,0.0,0.0,0.0,0.0,0.0,0.56016666,12.317734
2029-05-28 03:00:00,S1,clearsky,0.0,0.0,0.0,0.0,0.0,0.0,0.0,0.0,0.0,0.0,0.0,0.0,0.0,0.0,0.56016666,12.317734,37.518967
2029-05-28 03:15:00,S1,clearsky,0.0,0.0,0.0,0.0,0.0,0.0,0.0,0.0,0.0,0.0,0.0,0.0,0.0,0.56016666,12.317734,37.518967,72.76144
2029-05-28 03:30:00,S1,clearsky,0.0,0.0,0.0,0.0,0.0,0.0,0.0,0.0,0.0,0.0,0.0,0.0,0.56016666,12.317734,37.518967,72.76144,105.30819
2029-05-28 03:45:00,S1,clearsky,0.0,0.0,0.0,0.0,0.0,0.0,0.0,0.0,0.0,0.0,0.0,0.56016666,12.317734,37.518967,72.76144,105.30819,166.15106
2029-05-28 04:00:00,S1,clearsky,0.0,0.0,0.0,0.0,0.0,0.0,0.0,0.0,0.0,0.0,0.56016666,12.317734,37.518967,72.76144,105.30819,166.15106,227.4589
2029-05-28 04:15:00,S1,clearsky,0.0,0.0,0.0,0.0,0.0,0.0,0.0,0.0,0.0,0.56016666,12.317734,37.518967,72.76144,105.30819,166.15106,227.4589,268.44968
2029-05-28 04:30:00,S1,clearsky,0.0,0.0,0.0,0.0,0.0,0.0,0.0,0.0,0.56016666,12.317734,37.518967,72.76144,105.30819,166.15106,227.4589,268.44968,348.51807
2029-05-28 04:45:00,S1,clearsky,0.0,0.0,0.0,0.0,0.0,0.0,0.0,0.56016666,12.317734,37.518967,72.76144,105.30819,166.15106,227.4589,268.44968,348.51807,416.96472
2029-05-28 05:00:00,S1,clearsky,0.0,0.0,0.0,0.0,0.0,0.0,0.56016666,12.317734,37.518967,72.76144,105.30819,166.15106,227.4589,268.44968,348.51807,416.96472,478.60162
2029-05-28 05:15:00,S1,clearsky,0.0,0.0,0.0,0.0,0.0,0.56016666,12.317734,37.518967,72.76144,105.30819,166.15106,227.4589,268.44968,348.51807,416.96472,478.60162,527.23395
2029-05-28 05:30:00,S1,clearsky,0.0,0.0,0.0,0.0,0.56016666,12.317734,37.518967,72.76144,105.30819,166.15106,227.4589,268.44968,348.51807,416.96472,478.60162,527.23395,574.2689
2029-05-28 05:45:00,S1,clearsky,0.0,0.0,0.0,0.56016666,12.317734,37.518967,72.76144,105.30819,166.15106,227.4589,268.44968,348.51807,416.96472,478.60162,527.23395,574.2689,621.6723
2029-05-28 06:00:00,S1,clearsky,0.0,0.0,0.56016666,12.317734,37.518967,72.76144,105.30819,166.15106,227.4589,268.44968,348.51807,416.96472,478.60162,527.23395,574.2689,621.6723,661.7477
2029-05-28 06:15:00,S1,clearsky,0.0,0.56016666,12.317734,37.518967,72.76144,105.30819,166.15106,227.4589,268.44968,348.51807,416.96472,478.60162,527.23395,574.2689,621.6723,661.7477,698.65784
2029-05-28 06:30:00,S1,clearsky,0.56016666,12.317734,37.518967,72.76144,105.30819,166.15106,227.4589,268.44968,348.51807,416.96472,478.60162,527.23395,574.2689,621.6723,661.7477,698.65784,734.8784
2029-05-28 06:45:00,S1,clearsky,12.317734,37.518967,72.76144,105.30819,166.15106,227.4589,268.44968,348.51807,416.96472,478.60162,527.23395,574.2689,621.6723,661.7477,698.65784,734.8784,765.5888
2029-05-28 07:00:00,S1,clearsky,37.518967,72.76144,105.30819,166.15106,227.4589,268.44968,348.51807,416.96472,478.60162,527.23395,574.2689,621.6723,661.7477,698.65784,734.8784,765.5888,789.8205
2029-05-28 07:15:00,S1,clearsky,72.76144,105.30819,166.15106,227.4589,268.44968,348.51807,416.96472,478.60162,527.23395,574.2689,621.6723,661.7477,698.65784,734.8784,765.5888,789.8205,811.0509
2029-05-28 07:30:00,S1,clearsky,105.30819,166.15106,227.4589,268.44968,348.51807,416.96472,478.60162,527.23395,574.2689,621.6723,661.7477,698.65784,734.8784,765.5888,789.8205,811.0509,831.1222
2029-05-28 07:45:00,S1,clearsky,166.15106,227.4589,268.44968,348.51807,416.96472,478.60162,527.23395,574.2689,621.6723,661.7477,698.65784,734.8784,765.5888,789.8205,811.0509,831.1222,841.63214
2029-05-28 08:00:00,S1,clearsky,227.4589,268.44968,348.51807,416.96472,478.60162,527.23395,574.2689,621.6723,661.7477,698.65784,734.8784,765.5888,789.8205,811.0509,831.1222,841.63214,847.403
2029-05-28 08:15:00,S1,clearsky,268.44968,348.51807,416.96472,478.60162,527.23395,574.2689,621.6723,661.7477,698.65784,734.8784,765.5888,789.8205,811.0509,831.1222,841.63214,847.403,851.9808
2029-05-28 08:30:00,S1,clearsky,348.51807,416.96472,478.60162,527.23395,574.2689,621.6723,661.7477,698.65784,734.8784,765.5888,789.8205,811.0509,831.1222,841.63214,847.403,851.9808,852.0702
2029-05-28 08:45:00,S1,clearsky,416.96472,478.60162,527.23395,574.2689,621.6723,661.7477,698.65784,734.8784,765.5888,789.8205,811.0509,831.1222,841.63214,847.403,851.9808,852.0702,844.0477
2029-05-28 09:00:00,S1,clearsky,478.60162,527.23395,574.2689,621.6723,661.7477,698.65784,734.8784,765.5888,789.8205,811.0509,831.1222,841.63214,847.403,851.9808,852.0702,844.0477,835.762
2029-05-28 09:15:00,S1,clearsky,527.23395,574.2689,621.6723,661.7477,698.65784,734.8784,765.5888,789.8205,811.0509,831.1222,841.63214,847.403,851.9808,852.0702,844.0477,835.762,822.03674
2029-05-28 09:30:00,S1,clearsky,574.2689,621.6723,661.7477,698.65784,734.8784,765.5888,789.8205,811.0509,831.1222,841.63214,847.403,851.9808,852.0702,844.0477,835.762,822.03674,800.30774
2029-05-28 09:45:00,S1,clearsky,621.6723,661.7477,698.65784,734.8784,765.5888,789.8205,811.0509,831.1222,841.63214,847.403,851.9808,852.0702,844.0477,835.762,822.03674,800.30774,774.3601
2029-05-28 10:00:00,S1,clearsky,661.7477,698.65784,734.8784,765.5888,789.8205,811.0509,831.1222,841.63214,847.403,851.9808,852.0702,844.0477,835.762,822.03674,800.30774,774.3601,745.771
2029-05-28 10:15:00,S1,clearsky,698.65784,734.8784,765.5888,789.8205,811.0509,831.1222,841.63214,847.403,851.9808,852.0702,844.0477,835.762,822.03674,800.30774,774.3601,745.771,715.59564
2029-05-28 10:30:00,S1,clearsky,734.8784,765.5888,789.8205,811.0509,831.1222,841.63214,847.403,851.9808,852.0702,844.0477,835.762,822.03674,800.30774,774.3601,745.771,715.59564,676.83203
2029-05-28 10:45:00,S1,clearsky,765.5888,789.8205,811.0509,831.1222,841.63214,847.403,851.9808,852.0702,844.0477,835.762,822.03674,800.30774,774.3601,745.771,715.59564,676.83203,639.99884
2029-05-28 11:00:00,S1,clearsky,789.8205,811.0509,831.1222,841.63214,847.403,851.9808,852.0702,844.0477,835.762,822.03674,800.30774,774.3601,745.771,715.59564,676.83203,639.99884,594.5633
2029-05-28 11:15:00,S1,clearsky,811.0509,831.1222,841.63214,847.403,851.9808,852.0702,844.0477,835.762,822.03674,800.30774,774.3601,745.771,715.59564,676.83203,639.99884,594.5633,550.7889
2029-05-28 11:30:00,S1,clearsky,831.1222,841.63214,847.403,851.9808,852.0702,844.0477,835.762,822.03674,800.30774,774.3601,745.771,715.59564,676.83203,639.99884,594.5633,550.7889,501.92856
2029-05-28 11:45:00,S1,clearsky,841.63214,847.403,851.9808,852.0702,844.0477,835.762,822.03674,800.30774,774.3601,745.771,715.59564,676.83203,639.99884,594.5633,550.7889,501.92856,448.50842
2029-05-28 12:00:00,S1,clearsky,847.403,851.9808,852.0702,844.0477,835.762,822.03674,800.30774,774.3601,745.771,715.59564,676.83203,639.99884,594.5633,550.7889,501.92856,448.50842,393.73468
2029-05-28 12:15:00,S1,clearsky,851.9808,852.0702,844.0477,835.762,822.03674,800.30774,774.3601,745.771,715.59564,676.83203,639.99884,594.5633,550.7889,501.92856,448.50842,393.73468,336.31427
2029-05-28 12:30:00,S1,clearsky,852.0702,844.0477,835.762,822.03674,800.30774,774.3601,745.771,715.59564,676.83203,639.99884,594.5633,550.7889,501.92856,448.50842,393.73468,336.31427,278.40793
2029-05-28 12:45:00,S1,clearsky,844.0477,835.762,822.03674,800.30774,774.3601,745.771,715.59564,676.83203,639.99884,594.5633,550.7889,501.92856,448.50842,393.73468,336.31427,278.40793,219.4871
2029-05-28 13:00:00,S1,clearsky,835.762,822.03674,800.30774,774.3601,745.771,715.59564,676.83203,639.99884,594.5633,550.7889,501.92856,448.50842,393.73468,336.31427,278.40793,219.4871,163.23816
2029-05-28 13:15:00,S1,clearsky,822.03674,800.30774,774.3601,745.771,715.59564,676.83203,639.99884,594.5633,550.7889,501.92856,448.50842,393.73468,336.31427,278.40793,219.4871,163.23816,112.48131
2029-05-28 13:30:00,S1,clearsky,800.30774,774.3601,745.771,715.59564,676.83203,639.99884,594.5633,550.7889,501.92856,448.50842,393.73468,336.31427,278.40793,219.4871,163.23816,112.48131,62.824356
2029-05-28 13:45:00,S1,clearsky,774.3601,745.771,715.59564,676.83203,639.99884,594.5633,550.7889,501.92856,448.50842,393.73468,336.31427,278.40793,219.4871,163.23816,112.48131,62.824356,18.1265
2029-05-28 14:00:00,S1,clearsky,745.771,715.59564,676.83203,639.99884,594.5633,550.7889,501.92856,448.50842,393.73468,336.31427,278.40793,219.4871,163.23816,112.48131,62.824356,18.1265,4.2323112
2029-05-28 14:15:00,S1,clearsky,715.59564,676.83203,639.99884,594.5633,550.7889,501.92856,448.50842,393.73468,336.31427,278.40793,219.4871,163.23816,112.48131,62.824356,18.1265,4.2323112,0.00013333333
2029-05-28 14:30:00,S1,clearsky,676.83203,639.99884,594.5633,550.7889,501.92856,448.50842,393.73468,336.31427,278.40793,219.4871,163.23816,112.48131,62.824356,18.1265,4.2323112,0.00013333333,0.0
2029-05-28 14:45:00,S1,clearsky,639.99884,594.5633,550.7889,501.92856,448.50842,393.73468,336.31427,278.40793,219.4871,163.23816,112.48131,62.824356,18.1265,4.2323112,0.00013333333,0.0,0.0
2029-05-28 15:00:00,S1,clearsky,594.5633,550.7889,501.92856,448.50842,393.73468,336.31427,278.40793,219.4871,163.23816,112.48131,62.824356,18.1265,4.2323112,0.00013333333,0.0,0.0,0.0
2029-05-28 15:15:00,S1,clearsky,550.7889,501.92856,448.50842,393.73468,336.31427,278.40793,219.4871,163.23816,112.48131,62.824356,18.1265,4.2323112,0.00013333333,0.0,0.0,0.0,0.0
2029-05-28 15:30:00,S1,clearsky,501.92856,448.50842,393.73468,336.31427,278.40793,219.4871,163.23816,112.48131,62.824356,18.1265,4.2323112,0.00013333333,0.0,0.0,0.0,0.0,0.0
2029-05-28 15:45:00,S1,clearsky,448.50842,393.73468,336.31427,278.40793,219.4871,163.23816,112.48131,62.824356,18.1265,4.2323112,0.00013333333,0.0,0.0,0.0,0.0,0.0,0.0
2029-05-28 16:00:00,S1,clearsky,393.73468,336.31427,278.40793,219.4871,163.23816,112.48131,62.824356,18.1265,4.2323112,0.00013333333,0.0,0.0,0.0,0.0,0.0,0.0,0.0
2029-05-28 16:15:00,S1,clearsky,336.31427,278.40793,219.4871,163.23816,112.48131,62.824356,18.1265,4.2323112,0.00013333333,0.0,0.0,0.0,0.0,0.0,0.0,0.0,0.0
2029-05-28 16:30:00,S1,clearsky,278.40793,219.4871,163.23816,112.48131,62.824356,18.1265,4.2323112,0.00013333333,0.0,0.0,0.0,0.0,0.0,0.0,0.0,0.0,0.0
2029-05-28 16:45:00,S1,clearsky,219.4871,163.23816,112.48131,62.824356,18.1265,4.2323112,0.00013333333,0.0,0.0,0.0,0.0,0.0,0.0,0.0,0.0,0.0,0.0
2029-05-28 17:00:00,S1,clearsky,163.23816,112.48131,62.824356,18.1265,4.2323112,0.00013333333,0.0,0.0,0.0,0.0,0.0,0.0,0.0,0.0,0.0,0.0,0.0
2029-05-28 17:15:00,S1,clearsky,112.48131,62.824356,18.1265,4.2323112,0.00013333333,0.0,0.0,0.0,0.0,0.0,0.0,0.0,0.0,0.0,0.0,0.0,0.0
2029-05-28 17:30:00,S1,clearsky,62.824356,18.1265,4.2323112,0.00013333333,0.0,0.0,0.0,0.0,0.0,0.0,0.0,0.0,0.0,0.0,0.0,0.0,0.0
2029-05-28 17:45:00,S1,clearsky,18.1265,4.2323112,0.00013333333,0.0,0.0,0.0,0.0,0.0,0.0,0.0,0.0,0.0,0.0,0.0,0.0,0.0,0.0
2029-05-28 18:00:00,S1,clearsky,4.2323112,0.00013333333,0.0,0.0,0.0,0.0,0.0,0.0,0.0,0.0,0.0,0.0,0.0,0.0,0.0,0.0,0.0
2029-05-28 18:15:00,S1,clearsky,0.00013333333,0.0,0.0,0.0,0.0,0.0,0.0,0.0,0.0,0.0,0.0,0.0,0.0,0.0,0.0,0.0,0.0
2029-05-28 18:30:00,S1,clearsky,0.0,0.0,0.0,0.0,0.0,0.0,0.0,0.0,0.0,0.0,0.0,0.0,0.0,0.0,0.0,0.0,0.0
2029-05-28 18:45:00,S1,clearsky,0.0,0.0,0.0,0.0,0.0,0.0,0.0,0.0,0.0,0.0,0.0,0.0,0.0,0.0,0.0,0.0,0.0
2029-05-28 19:00:00,S1,clearsky,0.0,0.0,0.0,0.0,0.0,0.0,0.0,0.0,0.0,0.0,0.0,0.0,0.0,0.0,0.0,0.0,0.0
2029-05-28 19:15:00,S1,clearsky,0.0,0.0,0.0,0.0,0.0,0.0,0.0,0.0,0.0,0.0,0.0,0.0,0.0,0.0,0.0,0.0,0.0
2029-05-28 19:30:00,S1,clearsky,0.0,0.0,0.0,0.0,0.0,0.0,0.0,0.0,0.0,0.0,0.0,0.0,0.0,0.0,0.0,0.0,0.0
2029-05-28 19:45:00,S1,clearsky,0.0,0.0,0.0,0.0,0.0,0.0,0.0,0.0,0.0,0.0,0.0,0.0,0.0,0.0,0.0,0.0,0.0
2029-05-28 20:00:00,S1,clearsky,0.0,0.0,0.0,0.0,0.0,0.0,0.0,0.0,0.0,0.0,0.0,0.0,0.0,0.0,0.0,0.0,0.0
2029-05-28 20:15:00,S1,clearsky,0.0,0.0,0.0,0.0,0.0,0.0,0.0,0.0,0.0,0.0,0.0,0.0,0.0,0.0,0.0,0.0,0.0
2029-05-28 20:30:00,S1,clearsky,0.0,0.0,0.0,0.0,0.0,0.0,0.0,0.0,0.0,0.0,0.0,0.0,0.0,0.0,0.0,0.0,0.0
2029-05-28 20:45:00,S1,clearsky,0.0,0.0,0.0,0.0,0.0,0.0,0.0,0.0,0.0,0.0,0.0,0.0,0.0,0.0,0.0,0.0,0.0
2029-05-28 21:00:00,S1,clearsky,0.0,0.0,0.0,0.0,0.0,0.0,0.0,0.0,0.0,0.0,0.0,0.0,0.0,0.0,0.0,0.0,0.0
2029-05-28 21:15:00,S1,clearsky,0.0,0.0,0.0,0.0,0.0,0.0,0.0,0.0,0.0,0.0,0.0,0.0,0.0,0.0,0.0,0.0,0.0
2029-05-28 21:30:00,S1,clearsky,0.0,0.0,0.0,0.0,0.0,0.0,0.0,0.0,0.0,0.0,0.0,0.0,0.0,0.0,0.0,0.0,0.0
2029-05-28 21:45:00,S1,clearsky,0.0,0.0,0.0,0.0,0.0,0.0,0.0,0.0,0.0,0.0,0.0,0.0,0.0,0.0,0.0,0.0,0.0
2029-05-28 22:00:00,S1,clearsky,0.0,0.0,0.0,0.0,0.0,0.0,0.0,0.0,0.0,0.0,0.0,0.0,0.0,0.0,0.0,0.0,0.0
2029-05-28 22:15:00,S1,clearsky,0.0,0.0,0.0,0.0,0.0,0.0,0.0,0.0,0.0,0.0,0.0,0.0,0.0,0.0,0.0,0.0,0.0
2029-05-28 22:30:00,S1,clearsky,0.0,0.0,0.0,0.0,0.0,0.0,0.0,0.0,0.0,0.0,0.0,0.0,0.0,0.0,0.0,0.0,0.0
2029-05-28 22:45:00,S1,clearsky,0.0,0.0,0.0,0.0,0.0,0.0,0.0,0.0,0.0,0.0,0.0,0.0,0.0,0.0,0.0,0.0,0.0
2029-05-28 23:00:00,S1,clearsky,0.0,0.0,0.0,0.0,0.0,0.0,0.0,0.0,0.0,0.0,0.0,0.0,0.0,0.0,0.0,0.0,0.0
2029-05-28 23:15:00,S1,clearsky,0.0,0.0,0.0,0.0,0.0,0.0,0.0,0.0,0.0,0.0,0.0,0.0,0.0,0.0,0.0,0.0,0.0
2029-05-28 23:30:00,S1,clearsky,0.0,0.0,0.0,0.0,0.0,0.0,0.0,0.0,0.0,0.0,0.0,0.0,0.0,0.0,0.0,0.0,0.0
2029-05-28 23:45:00,S1,clearsky,0.0,0.0,0.0,0.0,0.0,0.0,0.0,0.0,0.0,0.0,0.0,0.0,0.0,0.0,0.0,0.0,0.0
2029-05-29 00:00:00,S1,partlycloudy,0.0,0.0,0.0,0.0,0.0,0.0,0.0,0.0,0.0,0.0,0.0,0.0,0.0,0.0,0.0,0.0,0.0
2029-05-29 00:15:00,S1,partlycloudy,0.0,0.0,0.0,0.0,0.0,0.0,0.0,0.0,0.0,0.0,0.0,0.0,0.0,0.0,0.0,0.0,0.0
2029-05-29 00:30:00,S1,partlycloudy,0.0,0.0,0.0,0.0,0.0,0.0,0.0,0.0,0.0,0.0,0.0,0.0,0.0,0.0,0.0,0.0,0.0
2029-05-29 00:45:00,S1,partlycloudy,0.0,0.0,0.0,0.0,0.0,0.0,0.0,0.0,0.0,0.0,0.0,0.0,0.0,0.0,0.0,0.0,0.0
2029-05-29 01:00:00,S1,partlycloudy,0.0,0.0,0.0,0.0,0.0,0.0,0.0,0.0,0.0,0.0,0.0,0.0,0.0,0.0,0.0,0.0,0.0
2029-05-29 01:15:00,S1,partlycloudy,0.0,0.0,0.0,0.0,0.0,0.0,0.0,0.0,0.0,0.0,0.0,0.0,0.0,0.0,0.0,0.0,0.0
2029-05-29 01:30:00,S1,partlycloudy,0.0,0.0,0.0,0.0,0.0,0.0,0.0,0.0,0.0,0.0,0.0,0.0,0.0,0.0,0.0,0.0,0.0
2029-05-29 01:45:00,S1,partlycloudy,0.0,0.0,0.0,0.0,0.0,0.0,0.0,0.0,0.0,0.0,0.0,0.0,0.0,0.0,0.0,0.0,0.0
